"Publisher";"Name";"Version";"DetectionMethod";"DetectionPattern";"ProductCode";"InstallCmd";"UninstallCmd";"Notes"
"Igor Pavlov";"7-Zip";"26.02.00.0";"MSI";"";"{23170F69-40C1-2702-2602-000001000000}";"";"";"7zip.7zip 26.02 from winget-pkgs (x64, wix)"
"Microsoft Corporation";"Microsoft SQL Server Management Studio";"22.9.2";"File";"C:\Program Files\Microsoft SQL Server Management Studio 22\Release\Common7\IDE\SSMS.exe";"";"$vswhere = ""${env:ProgramFiles(x86)}\Microsoft Visual Studio\Installer\vswhere.exe""
$installPath = 'C:\Program Files\Microsoft SQL Server Management Studio 22\Release'
$verb = if ((Test-Path $vswhere) -and (& $vswhere -products * -path $installPath -property installationVersion 2>$null)) { 'update' } else { 'install' }
Start-ADTProcess -FilePath 'vs_SSMS.exe' -ArgumentList ""$verb --installPath `""$installPath`"" --noWeb --quiet --norestart --wait"" -WindowStyle 'Hidden'";"Start-ADTProcess -FilePath ""C:\Program Files (x86)\Microsoft Visual Studio\Installer\setup.exe"" -ArgumentList 'uninstall --installPath ""C:\Program Files\Microsoft SQL Server Management Studio 22\Release"" --quiet'  -WindowStyle 'Hidden'";""
"Notepad++ Team";"Notepad++";"8.9.8";"MSI";"";"{224C0E17-FB79-4AE2-9A47-5556FCEF39C4}";"";"";"Notepad++.Notepad++ 8.9.8 from winget-pkgs (x64, wix)"
"geek software GmbH";"PDF24 Creator";"11.30.1";"MSI";"";"{2B4DC485-D730-49AB-BD17-9E67B2ADA492}";"";"";"geeksoftwareGmbH.PDF24Creator 11.30.1 from winget-pkgs (x64, wix)"
"Devolutions inc.";"Remote Desktop Manager";"2025.1.25.0";"MSI";"";"{84C8A595-4561-42B9-8AB3-0EAF5C5607CF}";"";"";""
"Devolutions inc.";"Remote Desktop Manager";"2026.2.18.0";"MSI";"";"{558D83E1-0E6F-46A7-A4D0-0D117F274604}";"";"";"Devolutions.RemoteDesktopManager 2026.2.18.0 from winget-pkgs (x64, msi)"
